Name User,Email,City,State,Status
"Deepak test",qualdev.test@gmail.com,"test city abc",Changhua,Active
"qualdev donor",qualdev.donor@gmail.com,"test city",Gorno-Badakhshan,Active
"abc xyz",abc.xyz@gmail.com,"city test",'Ajman,Active
"abc xyz",test.abc@xyz.com,test,Badghis,Active
"qualdev test123",qualdev.test123@gmail.com,"test city",Cornwall,Active
"Deepak Lname",qualdev.deepak@gmail.com,City,Alabama,Active
"abc xyz",abc.xyz@mail.com,city,Alaska,Active
"Deepak Sharma",qualdev.deepak23@gmail.com,"New York",Alabama,Active
"qualdev testerq",qualdevtester@gmail.com,"test city","New York",Active
"qualdev tester",qualdev.tester@gmail.com,"test city","New York",Active
"Qualdev User",info@qualdev.com,City,Rajasthan,Active
"Deepak Sharma",qualdev.deepak12345@gmail.com,City,Alabama,Active
"Qualdev User",qualdev@gmail.com,City,Aceh,Active
"Qualdev Testing",qualdev.testing@gmail.com,City,Rajasthan,Active
"test test",demo@gmail.com,test,Alabama,Active
"sdf sadf",demo1@gmail.com,test,Maryland,Active
"test test",testassad@gmail.com,test,Maryland,Active
"test test",testerads@gmail.com,test,California,Active
"test test",testsdfsaf@gmail.com,test,Alabama,Active
"dsafa sdafdas",testsadfa@gmail.com,sfdaa,California,Active
"dsaf sadfa",testsdafas@gmail.com,asdfa,Alabama,Active
"sdafas sadfas",testsadfaa@gmail.com,sdafa,Alabama,Active
"test test",testasdfas@gmail.com,test,Alabama,Active
"test test",testasdfas@gmail.com,test,Alabama,Active
"test test",test11111@gmail.com,test,Alabama,Active
"test test",testsdfdsafd@gmail.com,test,Alabama,Active
"test test",testsdfdsafd@gmail.com,test,Alabama,Active
"testfname testlname",qualdev.test654321@gmail.com,taxas,Texas,Active
"test test",11test@gmail.com,test,Erevan,Active
"test test",123test@gmail.com,test,"El Bayadh",Active
"test TEST",test123@gmail.com,TEST,"Ain Tmouchent",Active
"test test",hello@gmail.com,test,Cabrayll,Active
"test test",hello@gmail.com,test,Cabrayll,Active
